Date,A2M.AX,ATM.NZ
2017-10-26,7.5,8.4
2017-10-27,7.67,8.6
2017-10-30,7.76,8.75
2017-10-31,7.62,8.67
2017-11-01,7.16,7.94
2017-11-02,7.58,8.42
2017-11-03,7.28,8.15
2017-11-06,7.15,7.98
2017-11-07,6.8,7.62
2017-11-08,6.73,7.49
2017-11-09,6.88,7.57
2017-11-10,6.7,7.41
2017-11-13,6.91,7.7
2017-11-14,6.78,7.57
2017-11-15,6.84,7.63
2017-11-16,7.02,7.79
2017-11-17,7.18,7.92
2017-11-20,7.07,7.84
2017-11-21,7.46,8.26
2017-11-22,7.93,8.69
2017-11-23,7.6,8.43
2017-11-24,7.51,8.33
2017-11-27,7.68,8.47
2017-11-28,7.63,8.41
2017-11-29,7.58,8.33
2017-11-30,7.59,8.43
2017-12-01,7.51,8.29
2017-12-04,7.48,8.3
2017-12-05,7.26,8.12
2017-12-06,7.36,8.08
2017-12-07,7.14,7.93
2017-12-08,7.17,7.95
2017-12-11,7.09,7.78
2017-12-12,7.1,7.75
2017-12-13,7.07,7.77
2017-12-14,7.31,7.94
2017-12-15,7.25,7.76
2017-12-18,7.31,7.97
2017-12-19,7.39,8.15
2017-12-20,7.24,7.94
2017-12-21,7.38,8.01
2017-12-22,7.49,8.13
2017-12-27,7.42,8.16
2017-12-28,7.4,8.13
2017-12-29,7.37,8.07
2018-01-02,7.5,NaN
2018-01-03,7.43,8.2
2018-01-04,7.5,8.24
2018-01-05,7.55,8.27
2018-01-08,7.68,8.36
2018-01-09,7.61,8.34
2018-01-10,7.35,8.1
2018-01-11,7.01,7.74
2018-01-12,7.02,7.69
2018-01-15,6.97,7.71
2018-01-16,7.42,8.0
2018-01-17,7.6,8.25
2018-01-18,7.54,8.3
2018-01-19,7.93,8.53
2018-01-22,8.04,8.83
2018-01-23,8.17,8.83
2018-01-24,8.4,9.06
2018-01-25,8.41,9.28
2018-01-26,NaN,9.08
2018-01-29,8.3,9.23
2018-01-30,8.04,8.99
2018-01-31,8.29,9.2
2018-02-01,8.43,9.26
2018-02-02,8.57,9.35
2018-02-05,8.25,9.04
2018-02-06,7.76,NaN
2018-02-07,8.16,8.87
2018-02-08,8.21,8.87
2018-02-09,8.14,8.75
2018-02-12,8.23,8.8
2018-02-13,8.37,9.07
2018-02-14,8.31,9.05
2018-02-15,8.52,9.1
2018-02-16,8.59,9.24
2018-02-19,8.57,9.28
2018-02-20,8.71,9.29
2018-02-21,11.3,11.75
2018-02-22,12.1,12.9
2018-02-23,11.77,12.65
2018-02-26,12.2,13.05
2018-02-27,12.09,13.1
2018-02-28,12.23,13.23
2018-03-01,12.23,13.09
2018-03-02,12.11,13.0
2018-03-05,11.92,12.82
2018-03-06,11.87,12.75
2018-03-07,11.7,12.56
2018-03-08,12.25,13.18
2018-03-09,12.37,13.27
2018-03-12,12.72,13.89
2018-03-13,13.06,13.96
2018-03-14,12.9,13.82
2018-03-15,12.92,13.9
2018-03-16,12.74,13.62
2018-03-19,12.93,13.62
2018-03-20,12.7,13.51
2018-03-21,13.17,13.99
2018-03-22,13.06,14.1
2018-03-23,12.74,13.73
2018-03-26,12.44,13.4
2018-03-27,13.04,13.84
2018-03-28,12.06,12.94
2018-03-29,11.46,12.4
2018-04-03,11.6,12.47
2018-04-04,12.19,12.92
2018-04-05,12.09,12.92
2018-04-06,12.12,12.97
2018-04-09,12.18,12.97
2018-04-10,12.38,13.05
2018-04-11,12.11,12.88
2018-04-12,11.9,12.63
2018-04-13,11.6,12.2
2018-04-16,11.7,12.47
2018-04-17,11.4,12.19
2018-04-18,11.59,12.35
2018-04-19,11.9,12.7
2018-04-20,11.94,12.76
2018-04-23,11.58,12.37
2018-04-24,11.26,12.0
2018-04-26,11.2,12.09
2018-04-27,11.18,12.0
2018-04-30,11.31,12.15
2018-05-01,11.27,12.12
2018-05-02,11.7,12.54
2018-05-03,11.7,12.72
2018-05-04,12.02,13.02
2018-05-07,12.21,13.17
2018-05-08,11.79,12.75
2018-05-09,11.98,12.89
2018-05-10,11.98,13.01
2018-05-11,11.94,12.96
2018-05-14,12.22,13.3
2018-05-15,12.13,13.1
2018-05-16,10.54,11.3
2018-05-17,10.75,11.77
2018-05-18,10.26,11.3
2018-05-21,10.07,11.04
2018-05-22,9.86,10.71
2018-05-23,9.3,10.24
2018-05-24,9.83,10.66
2018-05-25,10.0,10.94
2018-05-28,9.89,10.77
2018-05-29,9.61,10.55
2018-05-30,9.94,10.88
2018-05-31,9.93,10.87
2018-06-01,9.61,10.45
2018-06-04,9.42,NaN
2018-06-05,9.99,11.0
2018-06-06,9.94,10.9
2018-06-07,10.39,11.38
2018-06-08,10.56,11.5
2018-06-11,NaN,11.85
2018-06-12,10.88,11.78
2018-06-13,10.52,11.5
2018-06-14,10.65,11.5
2018-06-15,10.97,11.9
2018-06-18,10.86,11.69
2018-06-19,10.76,11.51
2018-06-20,10.99,11.74
2018-06-21,11.24,12.15
2018-06-22,10.97,11.95
2018-06-25,10.89,11.65
2018-06-26,10.85,11.65
2018-06-27,10.87,11.73
2018-06-28,10.61,11.66
2018-06-29,10.52,11.46
2018-07-02,10.37,11.43
2018-07-03,10.72,11.8
2018-07-04,10.52,11.4
2018-07-05,10.51,11.55
2018-07-06,10.51,11.5
2018-07-09,10.44,11.44
2018-07-10,10.61,11.66
2018-07-11,10.82,11.77
2018-07-12,10.5,11.36
2018-07-13,10.29,11.39
2018-07-16,10.28,11.29
2018-07-17,10.09,11.1
2018-07-18,10.0,11.01
2018-07-19,9.81,10.75
2018-07-20,9.71,10.75
2018-07-23,9.58,10.45
2018-07-24,9.77,10.6
2018-07-25,9.94,10.85
2018-07-26,9.9,10.75
2018-07-27,9.91,10.78
2018-07-30,9.76,10.62
2018-07-31,9.6,10.46
2018-08-01,9.47,10.33
2018-08-02,9.56,10.44
2018-08-03,9.64,10.42
2018-08-06,9.59,10.56
2018-08-07,9.59,10.55
2018-08-08,9.37,10.4
2018-08-09,9.4,10.49
2018-08-10,9.78,10.77
2018-08-13,9.76,10.77
2018-08-14,10.09,11.16
2018-08-15,10.06,11.02
2018-08-16,9.86,10.82
2018-08-17,9.78,10.85
2018-08-20,9.97,10.93
2018-08-21,10.09,11.13
2018-08-22,10.6,11.81
2018-08-23,10.82,11.77
2018-08-24,10.79,11.83
2018-08-27,11.18,12.18
2018-08-28,11.44,12.39
2018-08-29,11.89,12.93
2018-08-30,11.65,12.7
2018-08-31,11.5,12.62
2018-09-03,11.61,12.8
2018-09-04,11.66,12.82
2018-09-05,11.25,12.4
2018-09-06,10.82,11.88
2018-09-07,10.58,11.62
2018-09-10,10.62,11.54
2018-09-11,11.01,12.1
2018-09-12,10.93,12.09
2018-09-13,10.93,12.06
2018-09-14,10.95,11.99
2018-09-17,11.18,12.29
2018-09-18,11.12,12.14
2018-09-19,11.24,12.27
2018-09-20,11.33,12.38
2018-09-21,11.3,12.51
2018-09-24,10.87,11.84
2018-09-25,10.81,11.8
2018-09-26,10.7,11.85
2018-09-27,10.55,11.55
2018-09-28,10.24,11.26
2018-10-01,10.35,11.4
2018-10-02,10.31,11.38
2018-10-03,9.97,11.08
2018-10-04,9.54,10.7
2018-10-05,9.64,10.59
2018-10-08,9.61,10.59
2018-10-09,9.31,10.2
2018-10-10,9.25,10.21
2018-10-11,8.34,9.04
2018-10-12,8.94,9.89
2018-10-15,8.88,9.78
2018-10-16,9.03,9.7
2018-10-17,9.8,10.59
2018-10-18,9.6,10.41
2018-10-19,9.5,10.31
2018-10-22,9.45,NaN
2018-10-23,9.47,10.25
2018-10-24,9.3,10.1
2018-10-25,9.1,9.91
2018-10-26,9.05,9.86
2018-10-29,9.17,9.97
2018-10-30,9.7,10.17
2018-10-31,9.72,10.42
2018-11-01,10.0,10.7
2018-11-02,9.99,10.7
2018-11-05,9.5,10.15
2018-11-06,9.69,10.5
2018-11-07,9.58,10.31
2018-11-08,9.74,10.45
2018-11-09,9.7,10.42
2018-11-12,9.89,10.54
2018-11-13,9.58,10.3
2018-11-14,9.36,10.01
2018-11-15,9.55,10.14
2018-11-16,9.56,10.17
2018-11-19,9.8,10.47
2018-11-20,9.68,10.35
2018-11-21,9.35,10.0
2018-11-22,9.9,10.5
2018-11-23,9.76,10.53
2018-11-26,9.58,10.2
2018-11-27,9.75,10.4
2018-11-28,10.15,10.78
2018-11-29,10.22,10.9
2018-11-30,9.81,10.35
2018-12-03,10.33,10.91
2018-12-04,10.53,11.22
2018-12-05,10.43,11.06
2018-12-06,10.27,10.76
2018-12-07,10.41,11.02
2018-12-10,10.11,10.57
2018-12-11,10.21,10.62
2018-12-12,10.39,10.89
2018-12-13,10.65,11.13
2018-12-14,10.15,10.75
2018-12-17,10.5,10.95
2018-12-18,10.36,10.72
2018-12-19,10.28,10.75
2018-12-20,10.17,10.75
2018-12-21,10.01,10.54
2018-12-24,10.06,10.6
2018-12-27,10.4,10.88
2018-12-28,10.5,10.96
2018-12-31,10.32,11.15
2019-01-02,10.4,NaN
2019-01-03,10.5,11.0
2019-01-04,10.1,10.75
2019-01-07,10.48,11.14
2019-01-08,10.51,11.07
2019-01-09,10.8,11.48
2019-01-10,10.8,11.36
2019-01-11,10.71,11.35
2019-01-14,10.79,11.35
2019-01-15,11.21,11.65
2019-01-16,11.42,12.1
2019-01-17,11.84,12.45
2019-01-18,11.75,12.65
2019-01-21,11.75,12.6
2019-01-22,11.81,12.5
2019-01-23,11.79,12.5
2019-01-24,11.7,12.35
2019-01-25,11.66,12.3
2019-01-28,NaN,12.4
2019-01-29,11.62,12.15
2019-01-30,11.58,12.2
2019-01-31,12.08,12.65
2019-02-01,12.21,12.75
2019-02-04,12.09,12.7
2019-02-05,12.17,12.87
2019-02-06,12.43,NaN
2019-02-07,12.54,13.2
2019-02-08,12.47,13.09
2019-02-11,12.84,13.4
2019-02-12,12.78,13.45
2019-02-13,13.0,13.57
2019-02-14,12.74,13.2
2019-02-15,12.25,12.7
2019-02-18,12.68,13.16
2019-02-19,12.34,12.87
2019-02-20,13.64,14.22
2019-02-21,14.1,14.82
2019-02-22,13.93,14.6
2019-02-25,14.05,14.55
2019-02-26,14.11,14.65
2019-02-27,13.98,14.6
2019-02-28,13.77,14.31
2019-03-01,13.85,14.31
2019-03-04,14.07,14.75
2019-03-05,14.27,14.81
2019-03-06,14.16,14.75
2019-03-07,14.05,14.5
2019-03-08,14.04,14.72
2019-03-11,13.87,14.33
2019-03-12,13.79,14.31
2019-03-13,13.76,14.16
2019-03-14,13.72,14.21
2019-03-15,13.4,13.93
2019-03-18,13.32,13.82
2019-03-19,13.15,13.7
2019-03-20,13.11,13.62
2019-03-21,13.34,13.72
2019-03-22,13.41,13.81
2019-03-25,13.34,13.68
2019-03-26,13.44,13.9
2019-03-27,13.48,13.97
2019-03-28,13.55,14.22
2019-03-29,13.62,14.31
2019-04-01,13.67,14.3
2019-04-02,14.01,14.58
2019-04-03,14.07,14.74
2019-04-04,14.04,14.79
2019-04-05,13.75,14.55
2019-04-08,13.84,14.62
2019-04-09,13.81,14.62
2019-04-10,13.78,14.6
2019-04-11,13.71,14.53
2019-04-12,14.04,14.59
2019-04-15,14.61,15.23
2019-04-16,14.99,15.77
2019-04-17,14.93,16.0
2019-04-18,14.65,15.7
2019-04-23,15.09,16.08
2019-04-24,15.48,16.46
2019-04-26,15.55,16.51
2019-04-29,15.87,16.77
2019-04-30,15.96,16.77
2019-05-01,15.43,16.41
2019-05-02,15.44,16.44
2019-05-03,15.39,16.4
2019-05-06,15.05,15.93
2019-05-07,15.44,16.44
2019-05-08,15.24,16.32
2019-05-09,15.11,16.07
2019-05-10,14.99,15.97
2019-05-13,14.83,15.85
2019-05-14,15.02,15.88
2019-05-15,15.4,16.3
2019-05-16,15.38,16.27
2019-05-17,15.39,16.27
2019-05-20,15.34,16.26
2019-05-21,15.25,16.14
2019-05-22,15.13,16.02
2019-05-23,15.08,16.05
2019-05-24,14.96,15.8
2019-05-27,14.74,15.63
2019-05-28,14.9,15.85
2019-05-29,14.92,15.98
2019-05-30,14.58,15.61
2019-05-31,14.68,15.8
2019-06-03,14.26,NaN
2019-06-04,13.03,14.09
2019-06-05,13.48,14.25
2019-06-06,13.45,14.28
2019-06-07,13.64,14.4
2019-06-10,NaN,14.19
2019-06-11,13.95,14.65
2019-06-12,13.92,14.82
2019-06-13,13.87,14.71
2019-06-14,14.04,14.85
2019-06-17,13.86,14.64
2019-06-18,13.41,14.24
2019-06-19,13.64,14.41
2019-06-20,13.54,14.3
2019-06-21,13.22,14.02
2019-06-24,13.44,14.24
2019-06-25,13.82,14.62
2019-06-26,13.6,14.43
2019-06-27,13.89,14.53
2019-06-28,13.85,14.67
2019-07-01,13.86,14.47
2019-07-02,13.87,14.7
2019-07-03,14.36,15.07
2019-07-04,14.22,14.95
2019-07-05,14.33,15.0
2019-07-08,14.6,15.33
2019-07-09,14.5,15.25
2019-07-10,15.66,16.25
2019-07-11,15.78,16.48
2019-07-12,15.85,16.61
2019-07-15,15.85,16.55
2019-07-16,15.62,16.4
2019-07-17,16.04,16.7
2019-07-18,15.99,16.79
2019-07-19,16.22,16.85
2019-07-22,16.42,17.13
2019-07-23,16.71,17.45
2019-07-24,16.33,17.02
2019-07-25,16.71,17.48
2019-07-26,16.56,17.23
2019-07-29,17.1,17.7
2019-07-30,17.13,17.8
2019-07-31,17.12,18.02
2019-08-01,16.9,17.67
2019-08-02,16.8,17.64
2019-08-05,16.35,17.05
2019-08-06,16.1,16.56
2019-08-07,15.8,16.57
2019-08-08,15.25,16.13
2019-08-09,15.23,15.95
2019-08-12,15.3,16.04
2019-08-13,15.18,15.99
2019-08-14,15.31,16.1
2019-08-15,14.9,15.76
2019-08-16,14.82,15.7
2019-08-19,15.38,16.23
2019-08-20,16.0,16.85
2019-08-21,13.89,14.81
2019-08-22,13.77,14.75
2019-08-23,13.59,14.25
2019-08-26,13.47,14.24
2019-08-27,13.46,14.42
2019-08-28,13.45,14.11
2019-08-29,13.21,14.02
2019-08-30,13.55,14.45
2019-09-02,13.4,14.3
2019-09-03,13.68,14.61
2019-09-04,13.72,14.72
2019-09-05,14.18,15.1
2019-09-06,14.4,15.4
2019-09-09,14.04,14.89
2019-09-10,13.68,14.6
2019-09-11,13.55,14.52
2019-09-12,13.19,14.28
2019-09-13,13.08,14.03
2019-09-16,13.6,14.5
2019-09-17,13.1,14.26
2019-09-18,12.6,13.7
2019-09-19,12.35,13.36
2019-09-20,12.55,13.52
2019-09-23,12.63,13.7
2019-09-24,12.25,13.28
2019-09-25,12.33,13.24
2019-09-26,12.26,13.11
2019-09-27,12.16,13.08
2019-09-30,12.16,13.26
2019-10-01,12.43,13.39
2019-10-02,12.19,13.21
2019-10-03,12.15,13.16
2019-10-04,12.19,13.06
2019-10-07,12.25,13.19
2019-10-08,12.16,13.04
2019-10-09,12.05,12.81
2019-10-10,12.13,12.91
2019-10-11,12.31,13.2
2019-10-14,12.25,13.28
2019-10-15,12.3,13.22
2019-10-16,12.48,13.5
2019-10-17,12.33,13.35
2019-10-18,12.23,13.07
2019-10-21,12.04,12.94
2019-10-22,12.25,13.07
2019-10-23,12.05,12.89
2019-10-24,11.84,12.8
2019-10-25,11.87,12.74
2019-10-28,12.01,NaN
2019-10-29,11.96,12.88
2019-10-30,11.99,12.99
2019-10-31,12.04,13.0
2019-11-01,12.05,12.92
2019-11-04,12.06,12.96
2019-11-05,11.79,12.76
2019-11-06,11.31,12.3
2019-11-07,11.62,12.57
2019-11-08,11.49,12.39
2019-11-11,11.51,12.44
2019-11-12,11.76,12.62
2019-11-13,11.62,12.6
2019-11-14,12.0,12.77
2019-11-15,12.0,12.77
2019-11-18,12.02,12.8
2019-11-19,13.37,14.12
2019-11-20,13.84,14.67
2019-11-21,13.83,14.71
2019-11-22,13.99,14.94
2019-11-25,13.99,14.84
2019-11-26,14.14,14.8
2019-11-27,14.33,15.1
2019-11-28,14.5,15.2
2019-11-29,14.77,15.52
2019-12-02,15.0,15.72
2019-12-03,14.54,15.2
2019-12-04,14.3,14.95
2019-12-05,14.49,15.1
2019-12-06,14.54,15.17
2019-12-09,13.97,14.62
2019-12-10,14.4,14.97
2019-12-11,14.58,15.12
2019-12-12,14.69,15.3
2019-12-13,14.66,15.34
2019-12-16,14.5,15.14
2019-12-17,14.56,15.2
2019-12-18,14.77,15.28
2019-12-19,14.86,15.49
2019-12-20,14.72,15.34
2019-12-23,14.63,15.33
2019-12-24,14.53,15.38
2019-12-25,NaN,15.38
2019-12-27,14.65,15.2
2019-12-30,14.6,15.1
2019-12-31,14.3,15.02
2020-01-02,14.02,NaN
2020-01-03,14.03,14.82
2020-01-06,14.09,14.76
2020-01-07,14.17,14.68
2020-01-08,14.01,14.6
2020-01-09,14.36,14.8
2020-01-10,14.37,14.9
2020-01-13,14.21,14.75
2020-01-14,14.0,14.55
2020-01-15,13.98,14.56
2020-01-16,14.21,14.8
2020-01-17,14.68,15.16
2020-01-20,14.66,15.25
2020-01-21,14.81,15.41
2020-01-22,15.59,16.04
2020-01-23,15.31,16.02
2020-01-24,15.5,16.01
2020-01-27,NaN,15.72
2020-01-28,15.08,15.47
2020-01-29,15.14,15.61
2020-01-30,14.78,15.3
2020-01-31,14.51,15.0
2020-02-03,14.16,14.65
2020-02-04,14.05,14.58
2020-02-05,14.22,14.63
2020-02-06,14.9,NaN
2020-02-07,14.79,15.36
2020-02-10,14.71,15.48
2020-02-11,14.89,15.55
2020-02-12,15.16,15.8
2020-02-13,15.2,15.8
2020-02-14,15.2,15.91
2020-02-17,15.72,16.28
2020-02-18,15.75,16.28
2020-02-19,15.77,16.43
2020-02-20,15.87,16.58
2020-02-21,15.63,16.38
2020-02-24,14.84,15.63
2020-02-25,15.14,15.86
2020-02-26,15.0,15.68
2020-02-27,15.75,16.42
2020-02-28,15.42,16.3
2020-03-02,15.56,16.2
2020-03-03,16.13,16.6
2020-03-04,16.18,16.95
2020-03-05,16.65,17.36
2020-03-06,16.39,17.21
2020-03-09,15.73,16.36
2020-03-10,16.04,16.1
2020-03-11,15.5,16.1
2020-03-12,14.82,15.02
2020-03-13,15.71,15.3
2020-03-16,14.39,15.21
2020-03-17,15.15,15.14
2020-03-18,15.95,15.79
2020-03-19,15.87,15.49
2020-03-20,16.17,16.49
2020-03-23,15.4,15.94
2020-03-24,16.06,16.09
2020-03-25,15.9,16.1
2020-03-26,16.0,16.72
2020-03-27,15.87,16.46
2020-03-30,16.88,16.92
2020-03-31,16.6,17.19
2020-04-01,16.82,17.3
2020-04-02,16.67,17.08
2020-04-03,16.62,17.19
2020-04-06,16.88,17.38
2020-04-07,17.05,17.59
2020-04-08,16.82,17.93
2020-04-09,16.92,17.48
2020-04-14,17.48,18.35
2020-04-15,18.1,19.1
2020-04-16,19.0,19.5
2020-04-17,19.0,19.81
2020-04-20,18.73,19.91
2020-04-21,18.31,19.45
2020-04-22,18.62,19.75
2020-04-23,18.59,19.6
2020-04-24,18.65,19.7
2020-04-27,18.77,NaN
2020-04-28,18.93,20.33
2020-04-29,18.6,19.97
2020-04-30,18.22,19.63
2020-05-01,17.95,19.2
2020-05-04,18.9,19.97
2020-05-05,18.77,19.94
2020-05-06,18.54,19.81
2020-05-07,18.3,19.74
2020-05-08,18.17,19.53
2020-05-11,18.0,19.21
2020-05-12,18.01,19.3
2020-05-13,18.29,19.55
2020-05-14,17.73,19.25
2020-05-15,18.08,19.45
2020-05-18,18.53,19.95
2020-05-19,17.88,19.42
2020-05-20,18.06,19.48
2020-05-21,17.82,19.17
2020-05-22,17.56,18.82
2020-05-25,17.9,19.0
2020-05-26,17.86,19.2
2020-05-27,17.43,18.94
2020-05-28,17.55,18.6
2020-05-29,17.71,19.0
2020-06-01,17.31,NaN
2020-06-02,17.3,18.7
2020-06-03,17.5,18.94
2020-06-04,17.87,19.35
2020-06-05,17.62,19.0
2020-06-08,NaN,19.8
2020-06-09,17.63,19.01
2020-06-10,18.1,19.22
2020-06-11,17.79,18.95
2020-06-12,17.68,18.8
2020-06-15,17.19,18.7
2020-06-16,17.72,18.95
2020-06-17,19.1,20.32
2020-06-18,19.39,20.85
2020-06-19,18.57,20.33
2020-06-22,18.14,19.38
2020-06-23,17.96,19.06
2020-06-24,18.11,19.4
2020-06-25,18.12,19.43
2020-06-26,18.27,19.44
2020-06-29,18.45,19.76
2020-06-30,18.66,20.19
2020-07-01,18.72,20.14
2020-07-02,19.33,20.81
2020-07-03,19.83,21.13
2020-07-06,19.62,20.9
2020-07-07,19.86,21.19
2020-07-08,19.54,21.0
2020-07-09,19.33,20.65
2020-07-10,19.4,20.53
2020-07-13,19.6,20.7
2020-07-14,19.64,20.93
2020-07-15,19.8,21.07
2020-07-16,18.94,20.26
2020-07-17,19.39,20.7
2020-07-20,19.28,20.53
2020-07-21,19.9,21.21
2020-07-22,19.5,20.93
2020-07-23,19.67,21.15
2020-07-24,19.52,20.84
2020-07-27,19.43,20.7
2020-07-28,19.4,20.75
2020-07-29,19.45,20.94
2020-07-30,19.94,21.51
2020-07-31,19.29,20.84
2020-08-03,19.43,20.8
2020-08-04,19.5,21.11
2020-08-05,19.6,21.28
2020-08-06,19.3,20.85
2020-08-07,18.99,20.52
2020-08-10,19.09,20.73
2020-08-11,18.86,20.58
2020-08-12,18.82,20.5
2020-08-13,18.99,20.77
2020-08-14,19.07,20.95
2020-08-17,19.52,21.4
2020-08-18,19.49,21.5
2020-08-19,18.25,20.35
2020-08-20,18.16,19.92
2020-08-21,18.37,20.27
2020-08-24,18.63,20.43
2020-08-25,18.18,20.03
2020-08-26,18.24,20.06
2020-08-27,18.02,20.11
2020-08-28,17.47,19.3
2020-08-31,17.01,18.59
2020-09-01,16.6,18.3
2020-09-02,16.84,18.3
2020-09-03,17.15,18.79
2020-09-04,16.7,18.27
2020-09-07,16.79,18.3
2020-09-08,16.76,18.28
2020-09-09,16.33,17.84
2020-09-10,16.47,17.88
2020-09-11,16.45,17.91
2020-09-14,16.32,17.72
2020-09-15,16.55,18.08
2020-09-16,16.65,18.17
2020-09-17,16.43,17.88
2020-09-18,16.39,17.7
2020-09-21,16.43,17.86
2020-09-22,16.4,17.65
2020-09-23,17.02,18.26
2020-09-24,16.74,18.15
2020-09-25,17.16,18.44
2020-09-28,15.2,16.65
2020-09-29,14.59,15.84
2020-09-30,14.05,15.34
2020-10-01,14.02,15.19
2020-10-02,13.98,15.2
2020-10-05,14.23,15.44
2020-10-06,14.16,15.48
2020-10-07,14.34,15.5
2020-10-08,14.38,15.7
2020-10-09,14.35,15.57
2020-10-12,14.54,15.75
2020-10-13,14.85,16.12
2020-10-14,14.91,16.26
2020-10-15,14.67,15.75
2020-10-16,14.63,15.66
2020-10-19,14.62,15.7
2020-10-20,14.7,15.78
2020-10-21,14.35,15.46
2020-10-22,14.47,15.45
2020-10-23,14.45,15.37
2020-10-26,14.43,NaN
2020-10-27,14.24,15.12
2020-10-28,14.3,15.21
2020-10-29,13.96,14.86
2020-10-30,13.67,14.64
2020-11-02,13.48,14.26
2020-11-03,13.4,14.31
2020-11-04,13.21,14.2
2020-11-05,13.42,14.35
2020-11-06,13.71,14.81
2020-11-09,14.3,15.45
2020-11-10,14.32,15.33
2020-11-11,14.43,15.43
2020-11-12,14.68,15.65
2020-11-13,14.45,15.32
2020-11-16,14.55,15.3
2020-11-17,14.69,15.59
2020-11-18,13.98,14.82
2020-11-19,13.8,14.54
2020-11-20,13.9,14.59
2020-11-23,13.65,14.36
2020-11-24,13.73,14.38
2020-11-25,13.75,14.5
2020-11-26,13.94,14.72
2020-11-27,13.9,14.67
2020-11-30,13.82,14.75
2020-12-01,13.61,14.21
2020-12-02,13.4,14.02
2020-12-03,13.06,13.7
2020-12-04,13.48,14.18
2020-12-07,13.3,14.06
2020-12-08,13.28,14.07
2020-12-09,13.18,13.85
2020-12-10,13.2,14.0
2020-12-11,13.06,13.95
2020-12-14,13.16,14.06
2020-12-15,13.28,14.2
2020-12-16,13.28,14.12
2020-12-17,13.28,14.12
2020-12-18,10.14,11.0
2020-12-21,10.26,10.94
2020-12-22,10.77,11.49
2020-12-23,11.03,11.89
2020-12-24,10.95,12.06
2020-12-29,11.59,12.22
2020-12-30,11.44,12.05
2020-12-31,11.45,12.07
2021-01-04,11.65,NaN
2021-01-05,11.42,12.17
2021-01-06,10.95,11.65
2021-01-07,10.92,11.66
2021-01-08,10.94,11.67
2021-01-11,10.62,11.41
2021-01-12,10.58,11.41
2021-01-13,10.5,11.24
2021-01-14,10.3,11.2
2021-01-15,10.21,11.01
2021-01-18,10.09,10.75
2021-01-19,10.19,11.01
2021-01-20,10.22,11.01
2021-01-21,10.1,10.91
2021-01-22,10.14,10.9
2021-01-25,10.19,10.97
2021-01-26,NaN,11.07
2021-01-27,10.66,11.5
2021-01-28,10.65,11.33
2021-01-29,10.7,11.54
2021-02-01,10.79,11.48
2021-02-02,10.45,11.1
2021-02-03,10.47,11.07
2021-02-04,10.4,10.97
2021-02-05,10.36,11.07
2021-02-08,10.23,NaN
2021-02-09,10.37,11.07
2021-02-10,10.2,10.91
2021-02-11,10.05,10.79
2021-02-12,9.96,10.66
2021-02-15,9.83,10.55
2021-02-16,10.1,10.77
2021-02-17,10.14,10.98
2021-02-18,10.19,10.95
2021-02-19,10.35,11.17
2021-02-22,10.53,11.34
2021-02-23,10.54,11.3
2021-02-24,10.45,11.13
2021-02-25,8.76,9.34
2021-02-26,8.99,9.69
2021-03-01,8.87,9.5
2021-03-02,9.54,10.02
2021-03-03,9.4,10.1
2021-03-04,9.36,10.01
2021-03-05,9.31,10.13
2021-03-08,9.2,9.92
2021-03-09,9.12,9.82
2021-03-10,8.99,9.7
2021-03-11,8.89,9.55
2021-03-12,8.77,9.44
2021-03-15,8.78,9.52
2021-03-16,8.69,9.42
2021-03-17,8.65,9.36
2021-03-18,8.46,9.1
2021-03-19,8.45,9.19
2021-03-22,8.43,9.06
2021-03-23,8.39,9.09
2021-03-24,8.33,9.04
2021-03-25,8.15,8.87
2021-03-26,8.04,8.75
2021-03-29,7.94,8.68
2021-03-30,7.81,8.54
2021-03-31,7.83,8.62
2021-04-01,7.75,8.42
2021-04-06,7.73,8.36
2021-04-07,7.91,8.56
2021-04-08,8.15,8.89
2021-04-09,7.9,8.6
2021-04-12,7.91,8.57
2021-04-13,8.29,8.89
2021-04-14,8.26,8.95
2021-04-15,8.28,8.91
2021-04-16,8.15,8.83
2021-04-19,8.17,8.92
2021-04-20,7.94,8.62
2021-04-21,7.71,8.31
2021-04-22,7.64,8.23
2021-04-23,7.38,7.9
2021-04-26,7.15,NaN
2021-04-27,6.92,7.46
2021-04-28,7.05,7.52
2021-04-29,7.24,7.65
2021-04-30,7.22,7.65
2021-05-03,7.22,7.73
2021-05-04,7.45,7.99
2021-05-05,7.43,7.98
2021-05-06,7.18,7.72
2021-05-07,7.02,7.59
2021-05-10,6.1,6.62
2021-05-11,5.71,6.19
2021-05-12,5.75,6.2
2021-05-13,5.46,5.96
2021-05-14,5.53,6.03
2021-05-17,5.35,5.76
2021-05-18,5.12,5.56
2021-05-19,5.12,5.5
2021-05-20,5.22,5.66
2021-05-21,5.55,6.03
2021-05-24,5.42,5.86
2021-05-25,5.33,5.76
2021-05-26,5.31,5.6
2021-05-27,5.33,5.7
2021-05-28,5.54,5.88
2021-05-31,5.52,5.86
2021-06-01,5.66,6.05
2021-06-02,5.72,6.1
2021-06-03,5.7,6.1
2021-06-04,5.7,6.07
2021-06-07,5.82,NaN
2021-06-08,5.7,6.15
2021-06-09,5.7,6.15
2021-06-10,5.51,5.97
2021-06-11,5.72,6.13
2021-06-14,NaN,6.29
2021-06-15,6.03,6.56
2021-06-16,5.92,6.41
2021-06-17,5.96,6.35
2021-06-18,6.26,6.75
2021-06-21,6.01,6.5
2021-06-22,6.05,6.51
2021-06-23,6.05,6.5
2021-06-24,6.1,6.56
2021-06-25,6.34,6.75
2021-06-28,6.15,6.66
2021-06-29,6.11,6.53
2021-06-30,6.0,6.44
2021-07-01,6.2,6.63
2021-07-02,6.52,7.01
2021-07-05,6.73,7.2
2021-07-06,6.69,7.16
2021-07-07,7.09,7.43
2021-07-08,7.16,7.63
2021-07-09,7.2,7.6
2021-07-12,7.15,7.62
2021-07-13,7.09,7.62
2021-07-14,7.13,7.58
2021-07-15,6.81,7.35
2021-07-16,7.01,7.38
2021-07-19,6.96,7.38
2021-07-20,6.89,7.26
2021-07-21,6.95,7.43
2021-07-22,6.88,7.31
2021-07-23,6.78,7.14
2021-07-26,6.4,6.68
2021-07-27,6.0,6.41
2021-07-28,5.96,6.37
2021-07-29,6.14,6.52
2021-07-30,5.86,6.22
2021-08-02,6.05,6.39
2021-08-03,5.95,6.29
2021-08-04,6.12,6.41
2021-08-05,6.07,6.34
2021-08-06,5.97,6.16
2021-08-09,5.86,6.16
2021-08-10,5.91,6.2
2021-08-11,5.92,6.23
2021-08-12,5.86,6.2
2021-08-13,5.96,6.33
2021-08-16,6.68,7.05
2021-08-17,6.37,6.72
2021-08-18,6.58,6.82
2021-08-19,6.6,6.94
2021-08-20,6.52,6.84
2021-08-23,6.52,6.82
2021-08-24,6.64,6.95
2021-08-25,6.86,7.15
2021-08-26,6.05,6.34
2021-08-27,5.89,6.09
2021-08-30,5.82,6.11
2021-08-31,5.83,6.03
2021-09-01,5.73,5.94
2021-09-02,5.78,6.05
2021-09-03,5.73,5.98
2021-09-06,5.74,5.93
2021-09-07,5.68,5.93
2021-09-08,5.54,5.75
2021-09-09,5.45,5.64
2021-09-10,5.51,5.71
2021-09-13,5.6,5.78
2021-09-14,5.51,5.7
2021-09-15,5.52,5.66
2021-09-16,5.57,5.68
2021-09-17,5.47,5.58
2021-09-20,5.36,5.55
2021-09-21,5.4,5.53
2021-09-22,5.48,5.64
2021-09-23,5.67,5.82
2021-09-24,5.72,5.89
2021-09-27,6.0,6.06
2021-09-28,6.1,6.26
2021-09-29,6.05,6.17
2021-09-30,6.24,6.43
2021-10-01,6.26,6.6
2021-10-04,6.38,6.7
2021-10-05,6.52,6.81
2021-10-06,6.02,6.38
2021-10-07,5.92,6.24
2021-10-08,6.02,6.31
2021-10-11,5.87,6.25
2021-10-12,5.8,6.14
2021-10-13,6.58,6.9
2021-10-14,6.86,7.22
2021-10-15,6.72,7.08
2021-10-18,6.62,6.96
2021-10-19,6.97,7.23
2021-10-20,7.39,7.68
2021-10-21,7.13,7.48
2021-10-22,6.89,7.18
2021-10-25,6.8,NaN
2021-10-26,6.85,7.14
2021-10-27,6.03,6.33
2021-10-28,6.13,6.35
2021-10-29,6.25,6.57
2021-11-01,6.21,6.55
2021-11-02,6.22,6.59
2021-11-03,6.23,6.51
2021-11-04,6.34,6.54
2021-11-05,6.39,6.67
2021-11-08,6.23,6.46
2021-11-09,6.29,6.55
2021-11-10,6.16,6.43
2021-11-11,6.16,6.39
2021-11-12,6.13,6.22
2021-11-15,6.26,6.5
2021-11-16,6.11,6.31
2021-11-17,6.09,6.27
2021-11-18,6.14,6.34
2021-11-19,6.21,6.48
2021-11-22,6.21,6.43
2021-11-23,6.31,6.55
2021-11-24,6.31,6.6
2021-11-25,6.14,6.43
2021-11-26,6.0,6.28
2021-11-29,5.99,6.2
2021-11-30,5.92,6.11
2021-12-01,5.81,5.97
2021-12-02,5.65,5.9
2021-12-03,5.57,5.76
2021-12-06,5.45,5.69
2021-12-07,5.61,5.8
2021-12-08,5.64,5.89
2021-12-09,5.63,5.98
2021-12-10,5.64,5.95
2021-12-13,5.57,5.92
2021-12-14,5.52,5.8
2021-12-15,5.54,5.92
2021-12-16,5.49,5.78
2021-12-17,5.47,5.75
2021-12-20,5.43,5.73
2021-12-21,5.49,5.8
2021-12-22,5.57,5.9
2021-12-23,5.5,5.81
2021-12-24,5.53,5.87
2021-12-29,5.56,5.89
2021-12-30,5.56,5.89
2021-12-31,5.46,5.93
2022-01-04,5.58,NaN
2022-01-05,5.51,5.85
2022-01-06,5.4,5.74
2022-01-07,5.48,5.76
2022-01-10,5.56,5.85
2022-01-11,5.51,5.83
2022-01-12,5.53,5.84
2022-01-13,5.44,5.76
2022-01-14,5.33,5.71
2022-01-17,5.38,5.72
2022-01-18,5.4,5.74
2022-01-19,5.37,5.72
2022-01-20,5.34,5.72
2022-01-21,5.12,5.48
2022-01-24,5.09,5.45
2022-01-25,5.45,5.79
2022-01-26,NaN,5.65
2022-01-27,5.24,5.63
2022-01-28,5.21,5.56
2022-01-31,5.25,5.58
2022-02-01,5.25,5.62
2022-02-02,5.33,5.71
2022-02-03,5.26,5.61
2022-02-04,5.32,5.64
2022-02-07,5.35,NaN
2022-02-08,5.28,5.7
2022-02-09,5.51,5.83
2022-02-10,5.48,5.89
2022-02-11,5.27,5.65
2022-02-14,5.21,5.56
2022-02-15,5.18,5.51
2022-02-16,5.29,5.66
2022-02-17,5.3,5.74
2022-02-18,5.3,5.62
2022-02-21,5.89,6.31
2022-02-22,5.7,6.12
2022-02-23,5.69,6.1
2022-02-24,5.34,5.73
2022-02-25,5.4,5.78
2022-02-28,5.51,5.95
2022-03-01,5.58,6.03
2022-03-02,5.5,5.92
2022-03-03,5.41,5.86
2022-03-04,5.38,5.8
2022-03-07,5.26,5.67
2022-03-08,5.3,5.67
2022-03-09,5.38,5.71
2022-03-10,5.39,5.77
2022-03-11,5.24,5.65
2022-03-14,5.19,5.56
2022-03-15,5.16,5.48
2022-03-16,5.26,5.52
2022-03-17,5.36,5.69
2022-03-18,5.4,5.78
2022-03-21,5.44,5.85
2022-03-22,5.35,5.77
2022-03-23,5.43,5.8
2022-03-24,5.43,5.8
2022-03-25,5.39,5.81
2022-03-28,5.35,5.75
2022-03-29,5.39,5.81
2022-03-30,5.27,5.72
2022-03-31,5.22,5.64
2022-04-01,5.2,5.62
2022-04-04,5.17,5.65
2022-04-05,5.08,5.52
2022-04-06,5.01,5.49
2022-04-07,5.08,5.5
2022-04-08,5.04,5.49
2022-04-11,4.77,5.24
2022-04-12,4.59,5.01
2022-04-13,4.62,5.05
2022-04-14,4.68,5.15
2022-04-19,4.6,5.01
2022-04-20,4.72,5.15
2022-04-21,4.69,5.12
2022-04-22,4.58,5.03
2022-04-26,4.5,4.9
2022-04-27,4.39,4.81
2022-04-28,4.37,4.82
2022-04-29,4.46,4.92
2022-05-02,4.38,4.81
2022-05-03,4.34,4.82
2022-05-04,4.2,4.68
2022-05-05,4.26,4.7
2022-05-06,4.21,4.67
2022-05-09,4.03,4.41
2022-05-10,3.98,4.34
2022-05-11,4.16,4.55
2022-05-12,4.11,4.54
2022-05-13,4.05,4.45
2022-05-16,4.13,4.56
2022-05-17,4.15,4.58
2022-05-18,4.15,4.59
2022-05-19,4.18,4.63
2022-05-20,4.28,4.73
2022-05-23,4.43,4.89
2022-05-24,4.39,4.83
2022-05-25,4.41,4.84
2022-05-26,4.32,4.72
2022-05-27,4.32,4.69
2022-05-30,4.77,5.17
2022-05-31,4.8,5.2
2022-06-01,4.8,5.3
2022-06-02,4.72,5.25
2022-06-03,4.76,5.25
2022-06-06,4.62,NaN
2022-06-07,4.63,5.14
2022-06-08,4.58,5.14
2022-06-09,4.47,4.99
2022-06-10,4.51,4.98
2022-06-13,NaN,4.53
2022-06-14,4.19,4.6
2022-06-15,4.07,4.56
2022-06-16,4.01,4.51
2022-06-17,4.18,4.57
2022-06-20,4.24,4.61
2022-06-21,4.29,4.76
2022-06-22,4.15,4.62
2022-06-23,4.25,4.71
2022-06-24,4.48,NaN
2022-06-27,4.45,4.9
2022-06-28,4.53,5.01
2022-06-29,4.44,4.94
2022-06-30,4.39,4.93
2022-07-01,4.38,4.84
2022-07-04,4.55,4.95
2022-07-05,4.56,4.98
2022-07-06,4.55,5.05
2022-07-07,4.65,5.11
2022-07-08,4.58,5.11
2022-07-11,4.48,4.97
2022-07-12,4.5,4.95
2022-07-13,4.58,4.99
2022-07-14,4.53,5.01
2022-07-15,4.51,4.97
2022-07-18,4.4,4.89
2022-07-19,4.32,4.82
2022-07-20,4.46,4.89
2022-07-21,4.48,4.98
2022-07-22,4.56,5.05
2022-07-25,4.38,4.88
2022-07-26,4.36,4.84
2022-07-27,4.3,4.76
2022-07-28,4.4,4.94
2022-07-29,4.54,4.99
2022-08-01,4.54,4.99
2022-08-02,4.9,5.42
2022-08-03,4.95,5.47
2022-08-04,5.03,5.58
2022-08-05,5.06,5.58
2022-08-08,4.98,5.46
2022-08-09,5.11,5.63
2022-08-10,4.76,5.21
2022-08-11,4.88,5.36
2022-08-12,4.91,5.37
2022-08-15,4.94,5.41
2022-08-16,4.95,5.46
2022-08-17,4.98,5.46
2022-08-18,4.93,5.44
2022-08-19,4.96,5.42
2022-08-22,4.81,5.43
2022-08-23,4.72,5.3
2022-08-24,4.79,5.36
2022-08-25,4.89,5.42
2022-08-26,4.91,5.47
2022-08-29,5.4,6.0
2022-08-30,5.73,6.36
2022-08-31,5.55,6.23
2022-09-01,5.7,6.34
2022-09-02,5.83,6.45
2022-09-05,5.73,6.37
2022-09-06,5.67,6.35
2022-09-07,5.53,6.18
2022-09-08,5.58,6.24
2022-09-09,5.56,6.22
2022-09-12,5.7,6.4
2022-09-13,5.69,6.31
2022-09-14,5.65,6.32
2022-09-15,5.6,6.36
2022-09-16,5.56,6.24
2022-09-19,5.46,6.15
2022-09-20,5.55,6.32
2022-09-21,5.49,6.19
2022-09-22,NaN,6.28
2022-09-23,5.26,5.99
2022-09-26,5.33,NaN
2022-09-27,5.35,6.1
2022-09-28,5.4,6.1
2022-09-29,5.37,6.16
2022-09-30,5.4,6.12
2022-10-03,5.29,6.11
2022-10-04,5.56,6.25
2022-10-05,5.53,6.26
2022-10-06,5.51,6.17
2022-10-07,5.51,6.27
2022-10-10,5.49,6.21
2022-10-11,5.49,6.21
2022-10-12,5.44,6.1
2022-10-13,5.37,6.1
2022-10-14,5.31,5.95
2022-10-17,5.27,5.94
2022-10-18,5.34,5.96
2022-10-19,5.39,6.02
2022-10-20,5.35,5.88
2022-10-21,5.32,5.94
2022-10-24,5.43,NaN
2022-10-25,5.38,5.9
2022-10-26,5.27,5.92
2022-10-27,5.29,5.89
2022-10-28,5.25,5.85
2022-10-31,5.26,5.8
2022-11-01,5.2,5.72
2022-11-02,5.27,5.75
2022-11-03,5.49,5.99
2022-11-04,5.42,5.9
2022-11-07,5.51,5.99
2022-11-08,5.73,6.24
2022-11-09,5.73,6.28
2022-11-10,5.83,6.34
2022-11-11,5.84,6.45
2022-11-14,5.91,6.42
2022-11-15,5.87,6.47
2022-11-16,6.01,6.59
2022-11-17,6.15,6.64
2022-11-18,5.95,6.5
2022-11-21,6.04,6.54
2022-11-22,6.18,6.69
2022-11-23,6.21,6.71
2022-11-24,6.11,6.64
2022-11-25,6.24,6.72
2022-11-28,6.1,6.62
2022-11-29,6.12,6.56
2022-11-30,6.2,6.65
2022-12-01,6.27,6.79
2022-12-02,6.33,6.71
2022-12-05,6.29,6.68
2022-12-06,6.39,6.77
2022-12-07,6.36,6.79
2022-12-08,6.43,6.82
2022-12-09,6.61,7.0
2022-12-12,6.62,7.02
2022-12-13,6.65,7.16
2022-12-14,6.93,7.34
2022-12-15,6.88,7.32
2022-12-16,6.74,7.02
2022-12-19,6.71,7.07
2022-12-20,6.54,6.88
2022-12-21,6.72,7.1
2022-12-22,6.75,7.23
2022-12-23,6.75,7.18
2022-12-28,6.89,7.4
2022-12-29,6.96,7.41
2022-12-30,6.88,7.38
2023-01-03,6.77,NaN
2023-01-04,7.05,7.57
2023-01-05,6.95,7.52
2023-01-06,6.83,7.44
2023-01-09,6.92,7.51
2023-01-10,6.96,7.48
2023-01-11,6.94,7.56
2023-01-12,6.92,7.47
2023-01-13,7.0,7.63
2023-01-16,6.94,7.68
2023-01-17,6.98,7.62
2023-01-18,6.96,7.54
2023-01-19,6.84,7.39
2023-01-20,6.85,7.37
2023-01-23,6.84,7.41
2023-01-24,6.77,7.33
2023-01-25,6.68,7.26
2023-01-26,NaN,7.35
2023-01-27,6.82,7.44
2023-01-30,6.84,7.46
2023-01-31,6.82,7.41
2023-02-01,6.7,7.52
2023-02-02,6.92,7.5
2023-02-03,6.92,7.48
2023-02-06,6.87,NaN
2023-02-07,6.82,7.55
2023-02-08,6.83,7.53
2023-02-09,6.79,7.48
2023-02-10,6.85,7.5
2023-02-13,6.81,7.5
2023-02-14,6.75,7.45
2023-02-15,6.66,7.37
2023-02-16,6.68,7.32
2023-02-17,7.1,7.75
2023-02-20,6.49,7.18
2023-02-21,6.08,6.79
2023-02-22,6.46,6.98
2023-02-23,6.5,7.14
2023-02-24,6.4,6.97
2023-02-27,6.42,7.01
2023-02-28,6.62,7.23
2023-03-01,6.58,7.16
2023-03-02,6.73,7.26
2023-03-03,6.72,7.29
2023-03-06,6.73,7.32
2023-03-07,6.85,7.4
2023-03-08,6.82,7.34
2023-03-09,6.82,7.3
2023-03-10,6.63,7.12
2023-03-13,6.6,7.08
2023-03-14,6.5,6.95
2023-03-15,6.58,7.09
2023-03-16,6.41,6.92
2023-03-17,6.37,6.78
2023-03-20,5.92,6.43
2023-03-21,5.88,6.35
2023-03-22,5.92,6.39
2023-03-23,5.88,6.29
2023-03-24,5.91,6.31
2023-03-27,5.95,6.4
2023-03-28,5.82,6.28
2023-03-29,5.77,6.21
2023-03-30,5.8,6.23
2023-03-31,5.81,6.24
2023-04-03,5.79,6.22
2023-04-04,5.83,6.24
2023-04-05,5.78,6.21
2023-04-06,5.72,6.09
2023-04-11,5.73,6.15
2023-04-12,5.78,6.24
2023-04-13,5.72,6.17
2023-04-14,5.78,6.25
2023-04-17,5.74,6.22
2023-04-18,5.9,6.42
2023-04-19,5.96,6.48
2023-04-20,5.85,6.39
2023-04-21,5.72,6.28
2023-04-24,5.71,6.24
2023-04-26,5.42,5.9
2023-04-27,5.41,5.87
2023-04-28,5.43,5.9
2023-05-01,5.43,5.85
2023-05-02,5.4,5.91
2023-05-03,5.34,5.72
2023-05-04,5.32,5.75
2023-05-05,5.34,5.71
2023-05-08,5.35,5.76
2023-05-09,5.23,5.6
2023-05-10,5.31,5.68
2023-05-11,5.3,5.63
2023-05-12,5.38,5.79
2023-05-15,5.3,5.67
2023-05-16,5.22,5.63
2023-05-17,5.26,5.6
2023-05-18,5.31,5.65
2023-05-19,5.42,5.77
2023-05-22,5.39,5.71
2023-05-23,5.34,5.66
2023-05-24,5.36,5.73
2023-05-25,5.39,5.8
2023-05-26,5.33,5.73
2023-05-29,5.35,5.77
2023-05-30,5.33,5.75
2023-05-31,5.3,5.78
2023-06-01,5.29,5.74
2023-06-02,5.3,5.74
2023-06-05,5.34,NaN
2023-06-06,5.44,6.04
2023-06-07,5.24,5.8
2023-06-08,5.24,5.79
2023-06-09,5.21,5.74
2023-06-12,NaN,5.56
2023-06-13,5.17,5.63
2023-06-14,5.1,5.59
2023-06-15,5.03,5.55
2023-06-16,5.12,5.63
2023-06-19,5.14,5.69
2023-06-20,5.09,5.58
2023-06-21,5.05,5.57
2023-06-22,4.98,5.44
2023-06-23,4.91,5.37
2023-06-26,4.9,5.35
2023-06-27,4.79,5.24
2023-06-28,4.82,5.21
2023-06-29,4.85,5.29
2023-06-30,4.89,5.35
2023-07-03,4.89,5.27
2023-07-04,4.98,5.36
2023-07-05,5.07,5.44
2023-07-06,5.08,5.48
2023-07-07,5.05,5.44
2023-07-10,4.93,5.36
2023-07-11,5.0,5.4
2023-07-12,5.04,5.43
2023-07-13,5.13,5.53
2023-07-14,5.2,NaN
2023-07-17,5.17,5.58
2023-07-18,5.1,5.5
2023-07-19,5.13,5.53
2023-07-20,5.06,5.5
2023-07-21,5.09,5.56
2023-07-24,5.08,5.55
2023-07-25,5.01,5.48
2023-07-26,5.03,5.43
2023-07-27,5.04,5.46
2023-07-28,5.05,5.43
2023-07-31,5.11,5.52
2023-08-01,5.11,5.51
2023-08-02,5.01,5.42
2023-08-03,5.0,5.38
2023-08-04,5.08,5.4
2023-08-07,5.12,5.51
2023-08-08,5.16,5.57
2023-08-09,5.22,5.62
2023-08-10,5.09,5.52
2023-08-11,4.93,5.37
2023-08-14,4.95,5.37
2023-08-15,4.97,5.4
2023-08-16,4.87,5.32
2023-08-17,4.93,5.34
2023-08-18,4.94,5.35
2023-08-21,4.27,4.68
2023-08-22,4.52,4.83
2023-08-23,4.62,5.01
2023-08-24,4.63,4.99
2023-08-25,4.69,5.04
2023-08-28,4.72,5.1
2023-08-29,4.65,5.05
2023-08-30,4.7,5.12
2023-08-31,4.55,5.0
2023-09-01,4.48,4.89
2023-09-04,4.37,4.79
2023-09-05,4.4,4.78
2023-09-06,4.34,4.75
2023-09-07,4.31,4.69
2023-09-08,4.31,4.69
2023-09-11,4.35,4.69
2023-09-12,4.37,4.77
2023-09-13,4.37,4.76
2023-09-14,4.42,4.81
2023-09-15,4.48,4.88
2023-09-18,4.43,4.83
2023-09-19,4.36,4.73
2023-09-20,4.28,4.63
2023-09-21,4.22,4.62
2023-09-22,4.31,4.66
2023-09-25,4.34,4.64
2023-09-26,4.33,4.63
2023-09-27,4.28,4.62
2023-09-28,4.19,4.5
2023-09-29,4.24,4.56
2023-10-02,4.25,4.57
2023-10-03,4.22,4.56
2023-10-04,4.16,4.5
2023-10-05,4.18,4.5
2023-10-06,4.14,4.41
2023-10-09,4.16,4.41
2023-10-10,4.23,4.53
2023-10-11,4.29,4.55
2023-10-12,4.3,4.58
2023-10-13,4.27,4.55
2023-10-16,4.25,4.51
2023-10-17,4.21,4.54
2023-10-18,4.21,4.5
2023-10-19,4.11,4.4
2023-10-20,4.07,4.38
2023-10-23,4.1,NaN
2023-10-24,4.02,4.35
2023-10-25,3.94,4.3
2023-10-26,3.88,4.15
2023-10-27,3.89,4.22
2023-10-30,3.87,4.19
2023-10-31,3.84,4.18
2023-11-01,3.9,4.2
2023-11-02,3.92,4.27
2023-11-03,4.0,4.33
2023-11-06,3.97,4.32
2023-11-07,3.92,4.26
2023-11-08,3.94,4.25
2023-11-09,3.89,4.18
2023-11-10,3.82,4.13
2023-11-13,3.74,4.05
2023-11-14,3.77,4.07
2023-11-15,3.8,4.06
2023-11-16,3.82,4.15
2023-11-17,4.01,4.3
2023-11-20,4.11,4.46
2023-11-21,4.01,4.35
2023-11-22,3.93,4.24
2023-11-23,3.92,4.25
2023-11-24,3.93,4.27
2023-11-27,3.93,4.26
2023-11-28,3.95,4.27
2023-11-29,3.97,4.26
2023-11-30,3.92,4.15
2023-12-01,3.88,4.14
2023-12-04,3.97,4.29
2023-12-05,3.92,4.22
2023-12-06,4.05,4.28
2023-12-07,4.08,4.39
2023-12-08,4.1,4.41
2023-12-11,4.01,4.3
2023-12-12,4.02,4.25
2023-12-13,4.01,4.33
2023-12-14,4.07,4.35
2023-12-15,4.05,4.37
2023-12-18,4.07,4.38
2023-12-19,4.12,4.45
2023-12-20,4.2,4.54
2023-12-21,4.26,4.58
2023-12-22,4.28,4.6
2023-12-27,4.27,4.65
2023-12-28,4.27,4.61
2023-12-29,4.26,4.6
2024-01-02,4.24,NaN
2024-01-03,4.16,4.49
2024-01-04,4.1,4.41
2024-01-05,4.12,4.41
2024-01-08,4.0,4.32
2024-01-09,4.11,4.4
2024-01-10,4.08,4.4
2024-01-11,4.14,4.44
2024-01-12,4.12,4.46
2024-01-15,4.11,4.42
2024-01-16,3.98,4.29
2024-01-17,4.2,4.46
2024-01-18,4.18,4.51
2024-01-19,4.32,4.64
2024-01-22,4.59,4.9
2024-01-23,4.57,4.95
2024-01-24,4.66,4.97
2024-01-25,4.62,4.95
2024-01-26,NaN,5.0
2024-01-29,4.69,5.05
2024-01-30,4.78,5.13
2024-01-31,4.83,5.15
2024-02-01,4.96,5.27
2024-02-02,5.02,5.35
2024-02-05,5.0,5.33
2024-02-06,5.06,NaN
2024-02-07,5.17,5.53
2024-02-08,5.16,5.56
2024-02-09,5.27,5.57
2024-02-12,5.31,5.67
2024-02-13,5.26,5.55
2024-02-14,5.14,5.51
2024-02-15,5.09,5.43
2024-02-16,5.05,5.4
2024-02-19,5.68,6.14
2024-02-20,5.61,5.97
2024-02-21,5.7,6.02
2024-02-22,5.9,6.22
2024-02-23,5.86,6.2
2024-02-26,5.91,6.22
2024-02-27,5.87,6.21
2024-02-28,5.77,6.2
2024-02-29,5.79,6.2
2024-03-01,5.77,6.12
2024-03-04,5.66,6.1
2024-03-05,5.72,6.11
2024-03-06,5.82,6.18
2024-03-07,5.93,6.33
2024-03-08,6.0,6.53
2024-03-11,5.94,6.27
2024-03-12,5.94,6.32
2024-03-13,5.93,6.34
2024-03-14,5.98,6.42
2024-03-15,5.77,6.2
2024-03-18,5.96,6.36
2024-03-19,6.0,6.48
2024-03-20,6.09,6.56
2024-03-21,6.14,6.64
2024-03-22,6.2,6.77
2024-03-25,6.23,6.74
2024-03-26,6.18,6.7
2024-03-27,6.18,6.69
2024-03-28,6.25,6.78
2024-04-02,6.1,6.65
2024-04-03,6.02,6.6
2024-04-04,5.91,6.36
2024-04-05,5.8,6.35
2024-04-08,5.77,6.3
2024-04-09,5.82,6.39
2024-04-10,5.76,6.26
2024-04-11,5.78,6.32
2024-04-12,5.82,6.32
2024-04-15,5.73,6.28
2024-04-16,5.59,6.28
2024-04-17,5.74,6.24
2024-04-18,5.74,6.23
2024-04-19,5.71,6.21
2024-04-22,5.77,6.27
2024-04-23,5.84,6.36
2024-04-24,5.94,6.52
2024-04-26,5.92,6.5
2024-04-29,5.93,6.49
2024-04-30,6.1,6.69
2024-05-01,5.97,6.57
2024-05-02,5.91,6.51
2024-05-03,5.99,6.57
2024-05-06,6.06,6.68
2024-05-07,6.13,6.7
2024-05-08,6.13,6.77
2024-05-09,6.26,6.81
2024-05-10,6.27,6.83
2024-05-13,6.23,6.84
2024-05-14,6.17,6.84
2024-05-15,6.24,6.82
2024-05-16,6.55,7.17
2024-05-17,6.74,7.29
2024-05-20,6.63,7.22
2024-05-21,6.79,7.39
2024-05-22,6.9,7.39
2024-05-23,7.03,7.65
2024-05-24,7.12,7.76
2024-05-27,7.28,7.93
2024-05-28,7.33,7.95
2024-05-29,7.01,7.64
2024-05-30,6.93,7.51
2024-05-31,7.08,7.69
2024-06-03,7.12,NaN
2024-06-04,7.12,7.74
2024-06-05,7.15,7.72
2024-06-06,7.16,7.71
2024-06-07,7.18,7.74
2024-06-10,NaN,7.61
2024-06-11,7.1,7.67
2024-06-12,6.87,7.33
2024-06-13,7.1,7.6
2024-06-14,6.99,7.49
2024-06-17,6.72,7.49
2024-06-18,6.75,7.22
2024-06-19,6.64,7.22
2024-06-20,6.59,7.2
2024-06-21,6.48,6.95
2024-06-24,6.56,6.95
2024-06-25,6.52,7.02
2024-06-26,6.59,7.21
2024-06-27,6.64,7.1
2024-06-28,6.77,NaN
2024-07-01,6.66,7.1
2024-07-02,6.66,7.25
2024-07-03,6.59,7.18
2024-07-04,6.7,7.32
2024-07-05,6.68,7.35
2024-07-08,6.71,7.39
2024-07-09,6.81,7.51
2024-07-10,6.82,7.52
2024-07-11,6.88,7.52
2024-07-12,6.88,7.58
2024-07-15,6.85,7.62
2024-07-16,6.85,7.63
2024-07-17,7.02,7.76
2024-07-18,6.91,7.75
2024-07-19,6.85,7.58
2024-07-22,6.68,7.52
2024-07-23,6.85,7.61
2024-07-24,6.87,7.62
2024-07-25,6.91,7.63
2024-07-26,6.85,7.6
2024-07-29,7.05,7.68
2024-07-30,7.14,7.99
2024-07-31,7.16,7.93
2024-08-01,7.11,7.82
2024-08-02,6.99,7.65
2024-08-05,6.79,7.49
2024-08-06,6.67,7.36
2024-08-07,6.64,7.26
2024-08-08,6.58,7.18
2024-08-09,6.77,7.38
2024-08-12,6.8,7.45
2024-08-13,6.74,7.35
2024-08-14,6.72,7.49
2024-08-15,6.72,7.42
2024-08-16,7.01,7.73
2024-08-19,5.7,6.27
2024-08-20,5.74,6.11
2024-08-21,5.65,6.2
2024-08-22,5.9,6.37
2024-08-23,5.77,6.32
2024-08-26,5.86,6.42
2024-08-27,5.71,6.18
2024-08-28,5.71,6.21
2024-08-29,5.65,6.12
2024-08-30,5.59,6.08
2024-09-02,5.73,6.27
2024-09-03,5.53,6.1
2024-09-04,5.56,6.01
2024-09-05,5.53,6.02
2024-09-06,5.56,6.04
2024-09-09,5.53,6.03
2024-09-10,5.6,6.05
2024-09-11,5.64,6.05
2024-09-12,5.63,6.13
2024-09-13,5.61,6.16
2024-09-16,5.46,5.93
2024-09-17,5.4,5.83
2024-09-18,5.25,5.71
2024-09-19,5.26,5.77
2024-09-20,5.31,5.85
2024-09-23,5.2,5.68
2024-09-24,5.43,5.85
2024-09-25,5.51,5.9
2024-09-26,5.74,6.1
2024-09-27,6.25,6.79
2024-09-30,6.24,6.85
2024-10-01,6.23,6.73
2024-10-02,6.41,6.97
2024-10-03,6.32,6.87
2024-10-04,6.23,6.9
2024-10-07,6.37,7.04
2024-10-08,6.35,6.86
2024-10-09,6.35,7.02
2024-10-10,6.46,7.16
2024-10-11,6.45,7.17
2024-10-14,6.42,7.12
2024-10-15,6.36,7.05
2024-10-16,6.14,6.76
2024-10-17,5.99,6.65
2024-10-18,5.9,6.53
2024-10-21,5.91,6.64
2024-10-22,5.89,6.55
2024-10-23,5.93,6.54
2024-10-24,5.81,6.53
2024-10-25,5.74,6.36
